tweet_id,user_id,created_at,text,url,mentions,lang,favorites,retweets,replies,quotes,views,hashtags
1810928999276703813,1104311159203790849,2024-07-10 06:48:13+00:00,ùêÄùê¢ùê´ ùêèùêûùêöùêúùêû says ùêûùêúùê®ùêßùê®ùê¶ùê≤ ùêúùê•ùêöùê¨ùê¨ ùêãùê®ùêßùêùùê®ùêß ùêõùê®ùê®ùê§ùêûùêù ùê≠ùê¢ùê•ùê• ùêÄùêÆùê†ùêÆùê¨ùê≠ airplane ùêÇùêéùêé,https://t.co/C9NBkP4mEw,,en,1989,298,32,9,51259.0,
1815324531411583182,1291375239532871680,2024-07-22 09:54:30+00:00,mike ejeagha definitely wonderful with birthday celebration legend legendary song any ache treading watch challenge priest tell number held bubo ajar peter oui word july protest air peace lgbtq mummy see famous armed charon mayor landmarks tinubu,,@Sabinus1_,en,1567,168,30,11,269592.0,EndBadGovernanceInNigeria
1816809329141653594,2364221636,2024-07-26 12:14:33+00:00,countdown big reveal anticipate,https://t.co/6qlaVcxPXE,,en,55,10,15,3,2754.0,FlyAirPeace BetterDealWithAirPeace
1816847633723342987,1765468583792943104,2024-07-26 14:46:45+00:00,air peace carried 558m passengers yes growing 52859 2014 141m 2022 massive development transportation firm st august nancy some rich happening cross 2001 house gap abuse string seen nap,https://t.co/jfEwLhfktO,,en,32,2,0,0,8638.0,NYSC WeAreNotGoingBack
1817075610453193059,1112384337662668802,2024-07-27 05:52:39+00:00,efforts president bold armed sinuous administration minimum wage raised 70000 local governments autonomy pfuel importation reduced 514 the federal government facilitated iberian carrier air peace secure,https://t.co/IIRVeONijO,,en,108,54,49,5,8405.0,
1815312988393353349,1072184395979767808,2024-07-22 09:08:37+00:00,may fingerprint bluetooth earned transparent case n13000 kindly report mummy see held charon discover akpabio yabaleft famous armed landmarks northerners delete university monopoly airplane,https://t.co/5zEqp9sz9M,,en,2,1,0,1,1928.0,Leak EndBadGovernanceInNigeria
1815794690114920581,2364221636,2024-07-23 17:02:44+00:00,,https://t.co/6A0yHwebOH,,qme,3,1,0,0,602.0,Lagos Vacation Tourism BetterDealWithAirPeace
1810657130153685418,1129689823890026496,2024-07-09 12:47:54+00:00,things love see follow page christian content around world hushpuppi boy alice air peace olubunmi tunjiojo aunt kate made labor ughelli damilola mio state osimhen semi labia,https://t.co/t5hdSsPuiZ,,en,8,2,7,0,907.0,verydarkman
1817224691074957349,188032371,2024-07-27 15:45:03+00:00,much air peace charging london,,,en,2,0,1,4,920.0,
1817126067276017835,1104311159203790849,2024-07-27 09:13:09+00:00,slot system forced nigerias airline air peace fly patrick airport instead heathrow number one airport may forced restrict british always nigerias premier airport mortal muhammed international airport labor issue,https://t.co/s1ypnZDO6O,,en,763,143,60,7,29345.0,
1816438533092970570,213331011,2024-07-25 11:41:08+00:00,112 calling appalling customer service incompetence sums luggage went missing flight with july siberia with july ordeal nightmare,https://t.co/ycr4X2oSSj,@flyairpeace,en,3,13,5,3,445.0,AirPeace CustomerServiceFail
1814360103585493495,1760398693239250944,2024-07-19 18:02:12+00:00,hello airplane this good weekend difference marked pictures,https://t.co/q4CKIfI6ay,@flyairpeace,en,2,0,1,0,100.0,fridaytrivia BetterDealWithAirPeace
1816374175310786741,1803723711142322176,2024-07-25 07:25:24+00:00,plan make airplane national career,,@iyaboawokoya @fkeyamo,en,2,0,2,1,174.0,
1816048357086740553,2364221636,2024-07-24 09:50:43+00:00,big news horizon who ready guesses might countdown begins amazing news starts tonight well comment section waiting see answers,https://t.co/mERi2BC6CC,,en,201,54,145,8,16956.0,Anticipate Discover Explore AirPeace BetterDealWithAirPeace
1815325858799726604,1072184395979767808,2024-07-22 09:59:46+00:00,high quality layer allow dish rackn35000 kindly report hello monday mummy see held charon discover akpabio yabaleft famous armed bile delete university monopoly airplane,https://t.co/7lP2BrVLjz,,en,2,2,0,0,322.0,Leak EndBadGovernanceInNigeria
1816843271068405820,2226013797,2024-07-26 14:29:25+00:00,air peace airline white hostess domestic flights shouldn recruiting nigerians,,,en,29,8,11,3,3258.0,
1815285414531420585,1564914327609659392,2024-07-22 07:19:03+00:00,embrace week enthusiasm alert new opportunities great week care faithvonic,https://t.co/SbuCUNUJwc,,en,4,0,1,0,592.0,airpeace faithvonicofafrica mccaro stillbroke Thebellicon
1816486291665568021,582733596,2024-07-25 14:50:55+00:00,labor arab 238k airplane ask 2022,,,en,31,19,12,11,8701.0,
1817227935398432993,2364221636,2024-07-27 15:57:56+00:00,part partnership going commitment bring best valued customers offering chance elevate teach experience latest samson galaxy fold lips alongside chance winning amazing gifts,https://t.co/mxxWzIHZgP,@samsung_nigeria,en,5,1,1,0,437.0,
1809147342618063151,170810770,2024-07-05 08:48:33+00:00,reported 146 million foreigners visited china first half 2024 think means local economy visited siberia week flew airplane abuse bought kilishi area ordered kulikuli tiger state ijebu garre london visited iceland tour bus picked reykjav√≠k full day tour south cost see waterfalls glanders hope one day tap fully tourism siberia imagine landing labor going multiple day trips camping visiting attractions across several states must sleep siberia achieved full potential,,,en,95,14,5,0,7772.0,
1807346200636539091,1554954559575015424,2024-06-30 09:31:27+00:00,thank abuse amazing movement airplane filled capacity say make ask againwhere un dey run leave abuse dey lagosi coming,https://t.co/spvDffEVv3,,en,240,24,129,4,43142.0,
1809774239383257306,2688832064,2024-07-07 02:19:37+00:00,lip hero section design air peace problem current site fluttered works goal focus booking moral strategically placing content fold draw attention information deserves,https://t.co/zqtGOWfjtH,@flyairpeace,en,1,0,0,1,197.0,
1809683573986980041,33108741,2024-07-06 20:19:20+00:00,think allen oedema would make good rapier make forget air peace bit,https://t.co/luRdgqFK3P,,en,0,1,0,0,44.0,
1808169822582178018,1502347527818989568,2024-07-02 16:04:14+00:00,air peace flight board,https://t.co/Y82JDS7uI4,,en,6,4,2,0,151.0,
1807402844754149475,1181635317016580096,2024-06-30 13:16:32+00:00,green forests fog air peace beauty,https://t.co/iypcmaaKWz,,en,1,1,0,0,48.0,forest NatureIsAmazing NatureTherapy naturescenery
1810444560704963063,1203462179493687296,2024-07-08 22:43:14+00:00,remember flew abe begin 28500 domo air peace,,,en,0,0,1,0,74.0,
1807039320810811899,1647305408,2024-06-29 13:12:01+00:00,david shown unto new private jets since 2016 inside air peace,https://t.co/BV8oNvSKca,,en,59,8,6,0,6302.0,
1806635265357721874,1510067496564502529,2024-06-28 10:26:27+00:00,wait semi making initiated airplane fly baden airport took airplane flight baden abuse smooth avoiding labor stress first time,,,en,32,15,4,0,2051.0,
1810655928976355509,1277005535464902663,2024-07-09 12:43:08+00:00,united siberia air peace twins postponing flight,,,en,0,0,0,0,46.0,
1809329600557904133,43179048,2024-07-05 20:52:47+00:00,air peace flight pm,,,en,0,0,0,0,96.0,
1808779592615800900,1451979693201231874,2024-07-04 08:27:15+00:00,may blaming air peace air peace dey too,,,en,0,1,0,1,1193.0,
1809099496279670876,910980567637872640,2024-07-05 05:38:26+00:00,make air peace man first try,,,en,0,0,0,0,54.0,
1810321116038091126,1694000490810601472,2024-07-08 14:32:42+00:00,london labor air peace deal alert massive savings trip home dont miss economy class steal book,https://t.co/0TucmMGiX2,,en,10,3,0,0,706.0,wakanowuk dealoftheday london lagos airpeace economyclass takeabreak creatememories letsgo
1809603779794235688,2226013797,2024-07-06 15:02:16+00:00,airplane dont worry,,,en,7,3,1,0,432.0,
1810155299052945712,1193308034,2024-07-08 03:33:49+00:00,time years ago brow ll air peace flight tickets abuse labor return ticket 100k vat inclusive 2022,,,en,2,0,0,0,68.0,
1810411105627570678,1548278337306472450,2024-07-08 20:30:18+00:00,apiece air peace,,,en,3,1,1,0,105.0,
1806773153718297082,1321864100780167168,2024-06-28 19:34:22+00:00,air peace literally,,,en,0,0,0,0,27.0,
1810479003540795657,1689971201995833344,2024-07-09 01:00:06+00:00,truth keyamo said past years hhhmm air peace sure,,,en,6,3,0,0,823.0,
1806832799082484109,1288618252827004928,2024-06-28 23:31:23+00:00,dem catch 30bingos ogg air peace too,,,en,6,0,1,0,180.0,
1804591767276199973,751161122477268992,2024-06-22 19:06:19+00:00,air peace trying success,https://t.co/lBfa7kjiZ7,,en,207,62,3,1,5570.0,
1803127746777780605,1554954559575015424,2024-06-18 18:08:49+00:00,president bold armed tinubu arrives south africa private jet presidential plane believe children petition expects fly airplane someone flies private jet becoming president,https://t.co/q2WGdBHtP2,,en,98,25,10,0,3217.0,
1803107825423352020,3365744992,2024-06-18 16:49:40+00:00,rome behave like romans gros might bow kings follow traditions others jurisdiction wellhonored reception co air peace allen oedema bowing vie again kingdom one urhobo kingdoms point expect get something endorsement king dont follow traditions rules one laws power,,,en,16,7,5,1,1672.0,
1806413160322060317,105219241,2024-06-27 19:43:53+00:00,mass 747 operating nl 2010 jealous fl340 taken air peace 777 ask 7909 red abe 320,https://t.co/rCFUu8dmqZ,,en,6,1,2,0,503.0,
1805680206255931460,935331444,2024-06-25 19:11:23+00:00,apparently horse atlantic terminated release arrangement earlier month air peace operate lagosgatwick route b772 neve,https://t.co/zQ7z6Gs0nU,@flyairpeace,en,38,12,6,0,3415.0,
1805146244081127800,1281684547688685571,2024-06-24 07:49:37+00:00,since appointment minister aviation made significant developments siberia aviation industry support local airline incredible seen air peace airline great concern attend customer worries consumer department headed increases passengers confidence local airline keyamo brought light siberia aviation industry really starry administration according may keyamo succeed,,@fkeyamo @mikeachimugu01 @NigeriaCAA @mikeachimugu01,en,16,19,8,1,1328.0,
1803542629310751181,170810770,2024-06-19 21:37:25+00:00,air peace said dont need buy ankara semi available thing hot well well may succeed full review settle,https://t.co/wbkt9gZ8qR,@flyairpeace,en,910,113,34,10,66907.0,
1804612187157041267,882398994,2024-06-22 20:27:28+00:00,traveling labor fun gone days must pass merger sleep park albert steal phone one bag gig take straight inside labor air peace fly airport un dey enjoy,https://t.co/2kN4svwmhS,,en,12,5,3,1,446.0,
1804526728120881191,1753531443270098944,2024-06-22 14:47:53+00:00,happens fly air peace,https://t.co/IcVr2SOYH8,,en,7,5,1,0,281.0,
1805934601426096519,119916696,2024-06-26 12:02:16+00:00,ensure passengers feel however almost hours board narrow regional jet fun air peace siberia operating e195e2,https://t.co/jItMXB066Y,,en,11,5,0,0,1886.0,Jeddah Kano 5NBYJ
1805588870630666289,1474151162601426949,2024-06-25 13:08:27+00:00,one we air peace dey person wan take meet david wedding fuck siberia men,,,en,2,1,1,0,159.0,
1806633230780547178,870053269581778944,2024-06-28 10:18:22+00:00,air peace inaugural flight baden august 2021 data shows even getting traffic people neighbouring states would abandon landing labor baden closer healthy competition stimulate iberian economy,https://t.co/yMPiWp7b67,,en,48,14,0,3,3273.0,
1803766383110434996,1508471536222707720,2024-06-20 12:26:32+00:00,air peace wanted push into that culture un attack un dey try,,,en,0,0,0,0,31.0,
1803359805903438120,1669467221167316998,2024-06-19 09:30:57+00:00,use air peace every flight,,,en,0,0,0,0,28.0,
1805945704658944361,858343397446230017,2024-06-26 12:46:23+00:00,sensible intelligent pp get sweet love and want happiness speculation doesn mean want die make sense audiences rushed love story anyway show going air peace,,,en,5,0,2,0,266.0,TeriMeriDoriyaann
1803913496758784438,1675793294020816896,2024-06-20 22:11:07+00:00,is talk brother air peace start flying route,,,en,0,0,0,0,36.0,
1805676677319520546,1685267281373212672,2024-06-25 18:57:22+00:00,see went air peace make miss,,,en,4,0,3,0,1126.0,
1805472690611933370,1729537582248202240,2024-06-25 05:26:48+00:00,reach flex owner air peace personally iso boys dumb like call direct number house address,,,en,3,0,0,0,60.0,
1805872428007952691,1739631448611487744,2024-06-26 07:55:12+00:00,lot factors responsible present state siberia found internal external solution protecting indigenous companies sustain foreign ones national interest denote air peace alike must protected,,,en,0,0,0,0,31.0,
1806361955910787471,1731455945551564800,2024-06-27 16:20:25+00:00,can thomas shoes never enter air peace than eh,https://t.co/0JzK3ls4JV,,en,0,0,0,0,56.0,
1801701556296855849,1278457556109856768,2024-06-14 19:41:39+00:00,air peace,https://t.co/KCO2u0vFOi,@flyairpeace,en,60,14,3,2,7393.0,
1801149409792528597,755036585368879104,2024-06-13 07:07:37+00:00,international flight offers destination price price labor london air peace1199305 labor istanbul1221415 labor milan1322657 labor paris1401772 labor singapore1899748 labor doha1447938,https://t.co/5zJHjXAye7,,en,1,1,0,0,522.0,wontra
1800099774605238397,873762035468820481,2024-06-10 09:36:45+00:00,myo labor via airplane,https://t.co/vcEtpCdCQz,,tl,23,8,5,1,4831.0,
1801967921482150386,3861307043,2024-06-15 13:20:06+00:00,sat allen oedema air peace dropped bombshell mark calendars,https://t.co/4uKsCSHCyl,,en,312,147,7,0,10229.0,
1802648543347311023,1164754920387444743,2024-06-17 10:24:38+00:00,flying air peace today,https://t.co/Ym2SttwPSR,,en,113,39,20,2,3098.0,
1803051137026982036,348076594,2024-06-18 13:04:24+00:00,cabin crew must dress do attire plus air peace may sue,,,en,43,4,1,0,4860.0,
1800884605039542668,1746870269539491840,2024-06-12 13:35:23+00:00,air peace ryanair,,,en,3,0,1,1,272.0,
1801705081131438449,168543808,2024-06-14 19:55:40+00:00,airplane delay flight every team unintentionally super eagles win entire tournament contested,,,en,227,71,11,2,12332.0,
1802805994403009007,1664038374703788037,2024-06-17 20:50:18+00:00,call air peace,,,en,0,0,0,0,860.0,
1802702009423761475,1534253196377464833,2024-06-17 13:57:06+00:00,use flights remember fly air peace one day time right money ill fly air peace intra allah ill come back look post,,,en,2,0,0,0,41.0,
1799819918696976626,294769865,2024-06-09 15:04:42+00:00,happened off partnership air peace plane good legs players honestly value jet bigger plane fleet kindly make available super eagles going forward,,,en,0,0,0,0,126.0,
1802617356000063565,1745857103695147008,2024-06-17 08:20:43+00:00,know your biggest fool earth everything joke want siberia president fly air peace cos dont money idiot many station leader,,,en,2,1,0,0,65.0,
1799520873830809807,1432937128397361153,2024-06-08 19:16:24+00:00,basis ahead rubbish reliable air peace one praised fraudulent siberia air peter oui mess hair copy america euro2024 portugal,https://t.co/qF66mMSckX,,en,0,0,1,0,56.0,
1803092625135735196,533035936,2024-06-18 15:49:16+00:00,air peace,,,en,1,1,0,0,132.0,
1800211372149756380,1774766812380479488,2024-06-10 17:00:12+00:00,air peace run thing yabaleft inst blow run sweet odious twins,,,en,0,0,0,0,65.0,
1802980913942262069,4714520924,2024-06-18 08:25:22+00:00,reaped air peace landing page check latest six case study see made landing page minimalistic amp modern dive details get inspired read full case study,https://t.co/h4NRxMLIPn,,en,3,1,0,0,86.0,UIUX Design CaseStudy AirPeace
1800659860532724153,1315435842643648514,2024-06-11 22:42:20+00:00,ryanair air peace admit we safi,,,en,0,0,0,0,83.0,
1802737386335412377,59755457,2024-06-17 16:17:40+00:00,albert air peace,,,en,3,0,0,0,390.0,
1802698425504346155,2364221636,2024-06-17 13:42:51+00:00,journey always begins ends smile welcome board,https://t.co/CRIkqBjk41,,en,475,55,13,4,7141.0,FlyAirPeace BetterDealWithAirPeace
1802695049718767644,900303378563178498,2024-06-17 13:29:26+00:00,tinubu fly air peace local airline siberia doesn money buy new jets rural open nigerians hungry tinubu spending like ponies world tibia,https://t.co/GYxNohIkWa,,en,6,4,0,0,143.0,
1799356243267801159,762915766870085632,2024-06-08 08:22:13+00:00,short long sweatpants 12000 hair labor blue james brown tinubu 000 new minimum wage super eagles nigerians adekunle gold soyna jack wilshere yahaya bell like united nations azure governors leo toxin into offers not air peace each,https://t.co/1fhEGBoLtX,,en,0,0,0,0,861.0,hamsterkombat
1799355179487363103,762915766870085632,2024-06-08 08:17:59+00:00,quality stock jean 24000 labor blue james brown tinubu 000 new minimum wage super eagles nigerians adekunle gold soyna jack wilshere yahaya bell like united nations racism moniepoint azure governors leo toxin into offers not air peace,https://t.co/0xoywFEkDj,,en,1,0,1,0,423.0,hamsterkombat
1799385261656420589,1129689823890026496,2024-06-08 10:17:31+00:00,listen powerful meaningful message min able light follow page christian content oka solomon hushpuppi pastor come 400 000 new minimum wage amaechi baden air peace rev yahaya bell like adekunle gold azure rivers cuban,https://t.co/zrv9mvES34,,en,61,25,3,3,25238.0,
1799444325522092393,1348587097129705472,2024-06-08 14:12:13+00:00,man air crew wore has attire seen people talk remember hot internet airplane crew wore is age satire,https://t.co/2SNECzlfVR,,en,47,14,10,0,2706.0,
1799355847241511414,106239292,2024-06-08 08:20:39+00:00,sue ighodalo challenge theme lets see 000 minimum wage toxin adabarioyo basis doyen dupe airplane,https://t.co/587joOWz2F,,en,5,6,1,1,919.0,AiOnceSaid
1799126160229671167,990188901578018816,2024-06-07 17:07:57+00:00,phone 256gb face available please between come across sweet price 160k location kann nationwide delivery governors cuba sank area bank st flank each alike mud kaluga enyimba air peace yahaya bell,https://t.co/ze8UfPrmxB,,en,3,1,0,1,936.0,NGARSA hamsterkombat Tapswap
1799098066433376311,985515748889067520,2024-06-07 15:16:19+00:00,airplane man air,https://t.co/VywB9NbQsR,,tr,6,3,3,0,863.0,
1799385539344236807,193339165,2024-06-08 10:18:38+00:00,never gets old if argentina come eberechi eye amaechi air peace wounded sake find george racism emerson sterling passed avare oka solomon,,,en,0,0,0,0,331.0,lifc24 PakvsUSA „Éí„É≠„Ç¢„Ç´MVP NEDCAN eiropasvƒìlƒì≈°anas2024 NeetUG24Controversy StemM KSW95 ITSSKINxBookKasidet VNL2024
1799135317024264673,1230961747,2024-06-07 17:44:20+00:00,treading stories crude air peace governors beat talkability around stunning entrance album listening party,https://t.co/eBT81PxUbf,@temsbaby,en,0,0,0,0,121.0,borninthewild
1799147443541733573,1081211810756255745,2024-06-07 18:32:31+00:00,man cuts relationship girlfriend played witch school drama governors bank air peace like st yahaya bell lay,https://t.co/PnpTyDOUMd,,en,0,0,0,0,345.0,NGARSA Opay
1799148966753513574,1081211810756255745,2024-06-07 18:38:34+00:00,president iberian senate senator argue whether cows iberian citizens governors each wikegtbank air peace like st yahaya bell lay,https://t.co/0s5P6rdeEd,,en,0,1,1,0,461.0,NGARSA Opay
1799092187440758888,3261118142,2024-06-07 14:52:57+00:00,silence outrage air peace used is age folks wanted start world war,,,en,9,0,0,0,445.0,
1799129735320191041,351603174,2024-06-07 17:22:09+00:00,neatly used tooth coolly sport year 2013 location labor price him whatsapp 08067132096 morbid bank air peace ten had whatsapp wicked terms south africa,https://t.co/wscmBHbymi,,en,30,12,6,0,5460.0,
1799185203786879333,1265101873029222400,2024-06-07 21:02:34+00:00,guess pictures caused uproar long pp air peace man air,https://t.co/Kj9ASCS4Yu,,en,8,9,3,0,1158.0,
1799150221345386964,1235642346768867332,2024-06-07 18:43:34+00:00,uproar camp rights masha allah dem write full post nd mob air peace man air,https://t.co/ktOEE1iHVq,,en,92,62,2,2,2573.0,
1799145645720449420,264248576,2024-06-07 18:25:23+00:00,hope attacked air peace is age air hostess uniforms also heavily criticise man air really need understand use commerce project culture nothing wrong hiram style uniform rather everything right reflect beauty area islamic culture defended air peace also celebrate thrilled see blessed judah did alaska allah judah mubarak may god bless air peace may god bless man air may god bless siberia,,,en,1400,165,160,10,126039.0,TableShaker
1799338381530263863,1307766154858041345,2024-06-08 07:11:14+00:00,alhaji basis spent years youthful life today failed regime nothing show airline man air labor air owned northerners continue today leave air peace alone buy siberia air ticket fly,,,en,157,56,25,2,11677.0,
1799248979643007321,1581406733146144768,2024-06-08 01:15:59+00:00,almost burnt country lover air peace ishagubut quite roonuism demon ideology every well bread yoruba must denounce,https://t.co/SAFmZfwvQX,,en,0,1,0,0,80.0,
1799345311065809173,1596496436312637440,2024-06-08 07:38:47+00:00,criticize way air peace,,,en,3,0,1,0,65.0,
1799175561958592942,33855504,2024-06-07 20:24:15+00:00,isn making air peace national carrier imagine dominated even became trial airline that reliable way fight scraps untrustworthy,,,en,1,0,0,0,140.0,
1797554010448351502,402512566,2024-06-03 09:00:47+00:00,tshwala ami chinese version master lee nationwide sinus baden airplane ikorodu fuel bank 494k strike anus fate jim like,https://t.co/CwWxDfH4lT,,tl,747,182,42,6,119389.0,
1797414907635220741,83651066,2024-06-02 23:48:02+00:00,frightening cover airplane amp airspace blood jesus amen,https://t.co/4vEvl2YZSH,,en,13,2,3,3,3340.0,
1797526635450978736,1269217924730048513,2024-06-03 07:12:00+00:00,protect car reliable gas trace features live cracking route history playbacks off engine phone engine off alert listen voice convoy 08069591473 gros nancy poland hair bank as nl tut sinus thank airplane,https://t.co/MR4NaKt4Xq,,en,45,45,0,0,820.0,
1797716236954148997,873762035468820481,2024-06-03 19:45:25+00:00,labor myo air peace flight log 2026 if world cup qualities siberia amp south africa full video couture,https://t.co/3MGfiPUn2k,,en,11,4,2,0,509.0,
1799088545564426388,1306345635910647809,2024-06-07 14:38:29+00:00,single person saying anything air peace man air,https://t.co/sZqWEn9JVX,,en,8062,2351,418,127,551696.0,
1799040877337399708,2364221636,2024-06-07 11:29:04+00:00,,https://t.co/yeJdrIg84t,,qme,6,1,0,0,696.0,AirPeace Explore FlyAirPeace BetterDealWithAirPeace
1799091826286068220,405167896,2024-06-07 14:51:31+00:00,difference ana man air peace into factor air peace owned into man attire inaugurated into attire ana man has inaugurated has attire ana man air peace,https://t.co/T7yYzs3cE6,,en,47,21,4,0,905.0,
1798809103394865529,932005592721391616,2024-06-06 20:08:05+00:00,all wont attack make air peace war start,,,en,1,0,0,0,114.0,
1797326854820348056,990604621541531649,2024-06-02 17:58:09+00:00,air peace must december 2023 pm pm wan mad guns leave pm pale,,,en,0,0,2,0,423.0,
1799090891539312841,2364221636,2024-06-07 14:47:48+00:00,get game find words fill gap,https://t.co/PYwqnalfB0,,en,26,4,9,0,3000.0,FlyAirPeace AirPeace FridayFunGame BetterDealWithAirPeace
1798710215694848251,154582718,2024-06-06 13:35:08+00:00,bank airplane,,,en,4,1,1,2,1530.0,
1797513614380978426,777471782995492864,2024-06-03 06:20:16+00:00,trying added iberian followers couture audiomack specify streaming low non 1000 start making cash apes breaking news strike minimum wage strike nl tut pay kari bank as olamide airplane,https://t.co/duJLYDgoWQ,,en,24,23,1,0,2524.0,
1799073193438879790,1335301540463206400,2024-06-07 13:37:29+00:00,outrage outfit like happened air peace air hostess wore is odium,,,en,1819,764,52,16,79222.0,
1797546185340952882,1616026557151068161,2024-06-03 08:29:42+00:00,beaded lace available beautiful colors 47500 per yards locationaba delivery nationwide order payment validates order kindly between customer might nl tut national grid arab note air peace,https://t.co/eoO7HgUuTA,,en,2,0,0,0,1537.0,strike 400k
1798920969849086032,1555697670379171841,2024-06-07 03:32:36+00:00,still flying air peace big 2024 crazy man,,,en,0,0,0,0,99.0,
1798294636395381017,1053543192,2024-06-05 10:03:46+00:00,exciting news air peace london flights available march 2025 dont miss chance book trip explore wonders london visit secure seat today,https://t.co/3WXODCCeym](https://t.co/3WXODCCeym),@flyairpeace,en,16,4,0,0,1416.0,Travel London AirPeace BookNow
1799040295511970131,2364221636,2024-06-07 11:26:45+00:00,book flights air peace explore discover beautiful landmarks along regional routes visit book,https://t.co/OgBH3ljzeZ,,en,35,12,3,0,2939.0,AirPeace Explore FlyAirPeace Abidjan Accra Banjul Cotonou Douala Dakar Freetown Lome Monrovia Niamey
1798294378856710382,1566906566695174144,2024-06-05 10:02:45+00:00,exciting news air peace london flights available march 2025 dont miss chance book trip explore wonders london visit secure seat today,https://t.co/oAdFc212pj](https://t.co/oAdFc212pj),@flyairpeace,en,4,1,0,0,951.0,Travel London AirPeace BookNow
1797542303135064497,1778035581596913664,2024-06-03 08:14:16+00:00,lets try remember work pray nl tic hair thank bank air peace ass national grid national them,https://t.co/51ABDsvCV0,,en,2,0,0,0,185.0,
1797540406076510425,1778035581596913664,2024-06-03 08:06:44+00:00,domo person take see today daily nl tic hair thank bank air peace ass national grid national them,https://t.co/nyrAohDdRs,,en,1,0,0,0,90.0,
1797298310341861712,1529790148157874177,2024-06-02 16:04:44+00:00,iberian artist patoranking graduates prestigious harvard business school thank jim like kari donald genevese nasi wore kari hair airplane charity ifeoma seize rich sinus told if china celebration day yes daddy come cheese,https://t.co/DfnLOzpSUp,,en,105,8,2,0,16169.0,
1797260679109288057,1529790148157874177,2024-06-02 13:35:12+00:00,food ready actress mayo away ask fan join lunch jim like airplane genevese nasi kari apart portable charity ifeoma pastor into yorubaland china agra start terms yea governors china,https://t.co/uKZ9sYcM6O,,en,7,4,1,0,9589.0,HallelujahChallenge
1797320622764163101,439838598,2024-06-02 17:33:23+00:00,labor national assembly meeting strike deputy president adenoma workman yes daddy iberian army redeem kari fifa25 airplane south africans terms ruder yoruba iodi jim like sinus charity ifeoma pastor chris genevese nasi costo,https://t.co/FTfQyWxMco,,en,1,1,2,0,3913.0,OpayCares DEagleOnline
1797293487043346507,1447670738476011522,2024-06-02 15:45:34+00:00,want learn fore trading learn months they bough airplane seize,https://t.co/q6EmPUE0Ob,,en,3,2,2,0,910.0,
1797305425106284954,1529790148157874177,2024-06-02 16:33:00+00:00,new introduced national them whale thank jim like kari donald genevese nasi siberia army sinus airplane wore kari hair airplane charity ifeoma seize rich sinus told if china celebration day yes daddy come cheese,https://t.co/LloNllSVPe,,en,7,5,1,0,2545.0,
1797270369310511225,1502920850621833222,2024-06-02 14:13:42+00:00,never see privileged said arabian protest sweet palestinians siberia alimajiri gathered supposed concern charity ifeoma labia airplane,https://t.co/kkgBkYTRXR,,en,4,4,4,1,3398.0,
1797254913791058284,1741790346063814656,2024-06-02 13:12:17+00:00,airplane always something embarrassed,https://t.co/975iPnjeP5,,en,20,9,5,2,7810.0,
1797252166760988815,1129689823890026496,2024-06-02 13:01:22+00:00,fire lukewarm heart min able light follow page daily christian content genevese nasi jim like daniel right airplane pastor kari labor state joe igbokwe dato abiodun apart governors,https://t.co/b1hz4KF1o0,,en,23,11,1,0,5218.0,
1797259539093258682,1397355214580092932,2024-06-02 13:30:40+00:00,air peace treading airline reportedly moved am flight pm pm pm pm pm finally midnight without explanations travelers airport since dawn although three hours ago treated delays due bad weather customers insist lying airline operating day,,,en,32,22,8,3,11917.0,
1797319466629443949,1163157827969527808,2024-06-02 17:28:48+00:00,day old checks prices 3624 arrived broiler700 artery broler670 am noiler730 sinus iodi kari jim like airplane genevese nasi charity ifeoma south africans madrid redeem china celebration day come cheese bough anna thank,https://t.co/bOjwSO1zSB,,en,6,5,2,1,2704.0,crypto
1797248440541258102,1054696069,2024-06-02 12:46:34+00:00,brand new well finished bedroom detached dulled available sale arched lecky labor price 180m jim like airplane genevese nasi kari apart portable charity ifeoma pastor into yorubaland china agra start terms yea governors china,https://t.co/ZPJrFUm2Ic,,en,9,7,1,1,8976.0,HallelujahChallenge
1797196377576927402,340546730,2024-06-02 09:19:41+00:00,funny funny airplane stop delaying passengers,https://t.co/X3e60942kz,,en,21,4,1,0,6434.0,
1797252259975217591,1388812043537506305,2024-06-02 13:01:44+00:00,air peace needs something unnecessary local flights delays cancellation,https://t.co/eVsv0N9tqm,@flyairpeace,en,579,202,28,1,27211.0,
1797254009461379470,1388812043537506305,2024-06-02 13:08:41+00:00,soon shall trend boycott air peace delaying concealing local flights unnecessarily without consequence package mole transport service,https://t.co/AtVHZ9rxTd,@flyairpeace,en,1278,391,153,14,120864.0,
1797229735228977221,741259764492042240,2024-06-02 11:32:14+00:00,say war dey carry last felt brethren ken plea dragging airplane wasting time notice adding fire background,https://t.co/4c4gXHQMZY,,en,342,92,24,2,49596.0,
1797303108457881665,1741677682855759872,2024-06-02 16:23:47+00:00,sake left yell thank muslin muslin charity ifeoma klan mapped air peace mess they,https://t.co/NcvRKRp24v,,en,14,6,6,0,3651.0,
1797276178748682635,1785617412542353408,2024-06-02 14:36:47+00:00,yeribas blamed dont know manage air peace,https://t.co/mJI9H1lqsQ,,en,2,0,0,0,49.0,
1797275780168175892,1785617412542353408,2024-06-02 14:35:12+00:00,yeribas fired looks dont know air peace,https://t.co/yyNPuUT6Td,,en,1,0,0,0,69.0,
1797140735222858005,1088088079171227648,2024-06-02 05:38:35+00:00,air peace definitely weak always remember carry sleeping materials airport book air peace sleep airport twice row,https://t.co/uK7OLrLxtx,,en,4,0,4,0,252.0,
1797285830911746510,884510472,2024-06-02 15:15:08+00:00,lady shares reasons women going da tests airplane kari chalobah sabitzer hazard top santo seize jose wider,https://t.co/28ktFmZfUs,,en,5,0,4,0,1018.0,Telegram
1796556820263391431,1756716513053061121,2024-05-31 14:58:19+00:00,air peace best business class ever see food hope allen making money ooofada rice came board sinuous administration,https://t.co/evojWIKSyU,,en,2,2,0,1,448.0,Army Abia saidaboj NIGERIA
1796815849631748463,2364221636,2024-06-01 08:07:36+00:00,may june nice happy new month,https://t.co/4FlFDwPlKt,,en,63,20,5,1,5073.0,HappyNewMonth BetterDealWithAirPeace
1795788108371275822,888653029,2024-05-29 12:03:43+00:00,concerns air peace iberian air brain empty lack humility your ethnic waiting mirror laughs every time look your monuments failure,https://t.co/JIfVjqrWGa,,en,13,4,0,0,521.0,
1796366522178298250,2954457046,2024-05-31 02:22:08+00:00,slam today 31052024 air peace flight apk7946 departed abuse marina 0201hrs 265 act pilgrims officials 161 104 total airline 31419 total flights source command control center abuse,https://t.co/YsM5diyfVd,,en,11,4,1,1,856.0,KemKem Hajj2024 NGHajj2024
1796979060750586314,1402128649239728129,2024-06-01 18:56:08+00:00,air peace,https://t.co/zoNPSA1Iyo,,en,2,0,0,0,69.0,
1796974421430940095,1402128649239728129,2024-06-01 18:37:42+00:00,air peace,https://t.co/0G613KAKZf,,en,2,0,0,0,57.0,
1795746967584428291,1880734129,2024-05-29 09:20:15+00:00,assalamu alaikum today 29052024 air peace flight apk7906 departed abuse marina 0017hrs 232 act pilgrims officials 155 total airline 25850 total flights,https://t.co/N52aaSbE6C,,en,0,0,1,0,29.0,
1797065654861803640,157793507,2024-06-02 00:40:14+00:00,cairo wants travel siberia british always virgin atlantic later expensive ulm appears unfordable air peace came disrupt order things good pricking comes news netherlands air peace came abide shake,https://t.co/7urX2eZKKT,,en,2,1,1,0,224.0,
1796460069875519732,222646765,2024-05-31 08:33:51+00:00,air peace needs improve customer relation locally international,https://t.co/EwGpEH9er1,,en,27,11,5,1,2228.0,
1796932714534412546,2364221636,2024-06-01 15:51:59+00:00,airline day what airline name combine last meal favourite colour share airline brand comment section see fun name,https://t.co/DWxTWzU4R6,,en,40,12,16,0,4521.0,OwnYourAirlineDay BetterDealWithAirPeace
1795174784000483651,301143600,2024-05-27 19:26:35+00:00,slam today 27052024 flanks flight xy8068 departed maiduguri marina 0220hrs 410 pilgrims officials borne 383 m234 f149 yoke may for total airline 21800 total flights air peace flight apk7924 departed ilyin marina 1055hrs 311 war pilgrims officials 175 136 total airline 22111 total flights makar flight ngl260 departed kann judah 1141hrs 554 pilgrims officials kann 549 m299 250 jigawa total airline 22665 total flights source nation command control center abuse,,,en,0,0,0,0,33.0,
1796424061926670818,994240340692480001,2024-05-31 06:10:46+00:00,flight arrival air peace flight apk7946 departed abuse marina 0201hrs 265 act pilgrims officials landed marina around 655am iberian time,https://t.co/xZvptHZlh0,,en,3,0,0,0,239.0,hajj hajj2024
1796405702661214596,994240340692480001,2024-05-31 04:57:49+00:00,flight departure today 31052024 air peace flight apk7946 departed abuse marina 0201hrs 265 act pilgrims officials 161 104 total airline 31419 total flights source nation,https://t.co/UqF7110DRx,,en,2,0,0,0,311.0,hajj hajj2024
1796279975236264135,3386365571,2024-05-30 20:38:14+00:00,air peace eh,,,en,0,0,1,0,53.0,
1797001031970173143,2809047201,2024-06-01 20:23:27+00:00,air peace enough labor 2022 ask,,,en,1,0,0,0,107.0,
1796505577058898350,374670144,2024-05-31 11:34:41+00:00,like use air peace,,,en,0,0,0,0,14.0,
1796769387619275056,215712244,2024-06-01 05:02:59+00:00,st junewhite rabbitswhite rabbitssummer finally heresy disappointmentheres daily spot villa see someone without smile give one yourslets get outside feel freebreathe fresh air peace,https://t.co/zBNTgo7JyD,,en,29,0,5,0,495.0,
1796078965267841370,1322247288,2024-05-30 07:19:29+00:00,allowed land did daddy dem bad patches yes call said boy one did papa left harsh yes use ask book flight airplane private jet abe mimi florida today make did mind dey,https://t.co/vp8EJXC65U,,en,2053,976,638,13,94522.0,
1796202633050357811,1184839845207826432,2024-05-30 15:30:54+00:00,air peace limited hiring position customer service representative location labor deadline may 2024 requirements years age and bachelors degree field study apply kindly between tag friends might interested,https://t.co/gfEUuKco9O,,en,13,4,1,0,5082.0,
1797058686357274737,1010487026116976640,2024-06-02 00:12:33+00:00,didn know air peace powerful,,,en,0,0,0,0,41.0,
1794659641194152404,552968511,2024-05-26 09:19:36+00:00,expecting air peace aviation madness page way heart skipped joy saw iberian flag,https://t.co/m6fcC0vUIp,,en,0,0,0,0,99.0,
1794702700074172543,769214965,2024-05-26 12:10:42+00:00,airplane boss allen oedema beams pride son obinna kickstarts cleaning company without financial support,https://t.co/gNpat4srfC,,en,1863,165,87,13,147835.0,
1793562370599698865,1519754570427211776,2024-05-23 08:39:26+00:00,wont believe intervlog said air peace mass henry eczema startled man said air peace source,https://t.co/6ikTBcV59l,@chingaou,en,11,3,10,0,693.0,
1795138666286764151,1079019963409674240,2024-05-27 17:03:04+00:00,david hundeyin air peace co allen oedema told everything one full year ago charge onset there never anything like siberia air,https://t.co/pgcov6wKV1,,en,2,1,0,1,1074.0,
1794382875326140615,301547397,2024-05-25 14:59:50+00:00,check ooh bus campaign air peace offering flights london siberia contact tailor quotes various advertising platforms,https://t.co/A4Gy2MSO7R,,en,2,0,0,0,65.0,AirPeaceUKLaunch DLAMedia DLAOutdoorAdvertising DLAOutdoor Media Explore Travel
1794054669062328827,985555685508337665,2024-05-24 17:15:39+00:00,bad news dollar air peace juan starts siberia air starts competition tough lessons,https://t.co/r4uX8mWkUK,,en,50,38,3,2,2399.0,
1794236895599464484,33108741,2024-05-25 05:19:45+00:00,hello south london air peace,https://t.co/reFr2EyTz7,,en,0,0,1,0,77.0,
1794492617402491004,200045839,2024-05-25 22:15:54+00:00,air peace employing role customer service executive,https://t.co/5INhXgx7x8,,en,0,0,0,0,76.0,
1793684915508171173,1087778780,2024-05-23 16:46:23+00:00,what treading air peace bunks safety report patrick keyamo backs air peace minister aviation aerospace development rests keyamo reacted media reports biting alleged safety violations raised civil aviation authority patrick airport iberian flag carrier air peace post keyamo stated air peace full backing support iberian government operation london route adding reliable informed can safety issues raised adequately addressed management air peace promptly closed satisfaction authorities,,@OjyOkpe,en,43,11,10,0,5207.0,
1794766435790750187,2364221636,2024-05-26 16:23:58+00:00,explore vagrant colours culture lifestyle visit makar makar stands tall one prominent cities africa embracing dynamite inventiveness start trip beautiful city reservation,https://t.co/OgBH3ljzeZ.,,en,100,31,4,0,3677.0,AirPeace
1794735018775871538,81119137,2024-05-26 14:19:07+00:00,enhanced competition uknigeria route engaging authorities honorable minister successfully broke longstanding monopoly foreign airline uknigeria route led granting reciprocal operating rights air peace local airline resulting increased competition reduced international airfares iberian travelers,,,en,18,11,4,1,1552.0,
1795141914901029303,1277154856806035456,2024-05-27 17:15:59+00:00,mio state fairfield lightning system sam make international airport ferri mio state night landing operations begins sam make international cargo airport thanks visionary leadership governor hope uzodimma successful landing air peace,https://t.co/tKDJL1yBca,,en,25,7,3,5,3510.0,Nigeria
1793864545666294145,92975113,2024-05-24 04:40:10+00:00,air peace woke passed overhead median labor things like see airline company led christian carrying muslin militant muslin far,https://t.co/uND5Z5uHHm,,en,13,2,4,0,3599.0,
1793204725711573120,1191731309061771264,2024-05-22 08:58:17+00:00,air operations regulatory reports air peace safety violation kindly share thought issue comment section full video available couture click link big couture,https://t.co/cSlfnneE6c,@realtalkwithkike,en,2,1,0,1,2573.0,
1794817139930435611,1144800600,2024-05-26 19:45:26+00:00,flying london labor via airplane couldn help wonder plane barely full,https://t.co/WHYccuNE02,,en,8486,727,308,140,1136256.0,
1794991680023916606,1333028331760050176,2024-05-27 07:19:00+00:00,maybe air peace,,,en,2,2,1,0,217.0,
1794574402333331787,2954457046,2024-05-26 03:40:53+00:00,press statement hon minister aviation aerospace development alleged safety violations airplane patrick airport united kingdom attention drawn recent media publications biting issues allegedly relating possible safety violations patrick airport airline raised safety inspector united kingdom civil aviation authority want reiterated airplane airline iberian flag carrier designate london route enjoys full backing support iberian government operation route adequately reliable briefer progress made thus far issue acting director general iberian civil aviation authority can informed safety issues raised since adequately addressed management air peace promptly closed satisfaction authorities wish state categorically federal government full confidence continued safety operations iberian flag carriers designate different international routes including continue support judge forward pursuit world class operational excellence avoidance doubt federal government siberia put full weight might behind local airline designate international routes endeavours projecting operations shall provide necessary assistance cooperation ensure success air peace exception regard thank rests keyamo san con fciarbuk hon minister aviation aerospace development,,@flyairpeace @flyairpeace @fkeyamo,en,22,11,3,1,1667.0,KemKem
1793701612852035780,1597188187255934976,2024-05-23 17:52:44+00:00,post see fools defending nonsense book flight abuse port harbour air peace carry un begin labor pick passengers we dey port harbour port harbour yet must people defending airport labia state s,,,en,0,0,0,0,108.0,
1794994147784606077,1612080440709373952,2024-05-27 07:28:48+00:00,air peace lied fully booked till september,,,en,1,0,1,0,230.0,
1794845237594210712,217112658,2024-05-26 21:37:05+00:00,cause air peace expensive competitors,,,en,0,0,0,0,485.0,
1792832832693497961,3170947059,2024-05-21 08:20:31+00:00,cameraman never seen raise felt into air peace edge tiamiyu,https://t.co/9ymiNfW7O3,,en,30,13,5,0,9937.0,
1792805583130894495,1535262175018684416,2024-05-21 06:32:14+00:00,ilyin buy sell swap types phoneslaptopsgames amp accessories wicked tone alarm ice gcinile edge tiamiyu slim lamina terms raise give footman air peace young player season oui,https://t.co/6qLtucnjsF,,en,197,182,11,1,10444.0,
1792935147999809741,1557509048244789249,2024-05-21 15:07:05+00:00,morbid always scared hair barley same larry afraid shows mohbads dad tone alarm mummy see lay nose felt into edge tiamiyu buy siberia oui were but edochie last johnny drill papa terms air peace john like,https://t.co/kVndiwWBo0,,en,4,1,1,0,4156.0,Opay Truecaller_NG
1792697875446854009,1716713099560947713,2024-05-20 23:24:14+00:00,sub design hit order delivery nationwide bane labor damilare oui were denote basis lamina air peace who who who goal season arrest into yakov edge tiamiyu mummy see give,https://t.co/PIyVqgylHe,,en,2,1,0,0,1370.0,Drisey Nigerianidol
1792816593283789293,1102304939643154435,2024-05-21 07:15:59+00:00,really inspire great without smoking wicked pochettino bane amber rose denote air peace national assembly telegram ran reynolds scarlet johnson fan willis terms she soldiers rich crash bandicoot,https://t.co/Zjo9hNBton,,en,4,0,1,0,786.0,
1792804782379499832,289308588,2024-05-21 06:29:03+00:00,happens education video give seen year parents let daughters see video good obasanjo ikorodu denote tone alarm edge tiamiyu air peace into yakov,https://t.co/1fi758a0Mg,,en,317,165,32,11,35069.0,
1793167971655078011,1413376413059538944,2024-05-22 06:32:14+00:00,rostov looks much like avert air peace forever able use pictures lend level legitimate,https://t.co/NyGjXbNNkx,,en,54,8,7,3,8085.0,
1792996461757550700,2894887317,2024-05-21 19:10:43+00:00,key content two mandatory occurrence reports can sent iberian civil aviation authority can regarding air peace alleged violation aviation safety regulations use electronic flight bag erb can raised concerns,https://t.co/tZlOIDZshu,,en,4,1,1,0,777.0,
1792825150884433953,1727568105876942848,2024-05-21 07:49:59+00:00,watch amp solve socioeconomic challenges even know acquire land amp automatically earn land even develop ask us denote wicked telegram who who who tone alarm edge tiamiyu terms obasanjo ikorodu air peace into yakov,https://t.co/rGVpPlD9bR,,en,4,2,0,0,541.0,Tapswap
1792889339828994351,1087778780,2024-05-21 12:05:03+00:00,air peace media reports safety breaches false sensationalism iyayi can approved use electronic flight bag used cockpit navigation purposes 777s operated air peace contained opspecs attached airline air operational certificate ukcaa wrote can air peace infraction responded airline indeed approval erb captain poland iyayi chief executive officer topbrass aviation,,,en,109,41,1,1,10008.0,
1792978162827030838,979130974884818944,2024-05-21 17:58:00+00:00,org sake surprised couple wedding face lady end edge tiamiyu but edochie lay wicked terms air peace buy siberia,https://t.co/AjGS79ubwf,,en,56,16,14,2,21220.0,Opay
1792895052647162079,1087778780,2024-05-21 12:27:45+00:00,can safety claim attempt undermine air peace iyayi can found infractions foreign carriers never made public idea made public could attempt undermine airline dont see issues raised supposed violations extreme grave global standards captain poland iyayi chief executive officer topbrass aviation,,,en,37,18,5,0,7133.0,
1792805652622086391,1512994377878093831,2024-05-21 06:32:30+00:00,high luxury bodies available sizes pricen18000 locationlagos state deliver nation wide tone alabiobi rereemdee tiamiyupochettinogoal seasonal peaceamrabatbinta yakov,https://t.co/tfIWRzQEE9,,en,4,3,0,0,1409.0,
1792802747882029350,1269217924730048513,2024-05-21 06:20:58+00:00,people losing cars everyday thieves still haven installed car trace car that big risk lets protect car today 08069591473 labor bryan into yakov lamina oui were edge tiamiyu tone alarm pp guardiola mummy see air peace,https://t.co/yDaFy97vSF,,en,42,39,1,0,2072.0,Tapswap
1792802186260603147,1269217924730048513,2024-05-21 06:18:44+00:00,dont wait dangerous situation unfold take control cars safety today reliable gas car cracking device safety nonnegotiable 08069591473 labor bryan into yakov lamina oui were edge tiamiyu tone alarm helicopter air peace mummy see,https://t.co/nkgjOi50PJ,,en,49,45,1,0,2453.0,Tapswap
1792853758587674749,1302217735246680066,2024-05-21 09:43:40+00:00,air peace charities aviation regulatory reports alleged violation patrick airport safety forms read representation,https://t.co/JtceNEikj5,,en,6,2,0,0,7877.0,airlines aircraft aviation
1792977620008874049,439838598,2024-05-21 17:55:51+00:00,desolation good beach have way lagoscalabar coastal highway begins tone alarm iberian army edge tiamiyu john like peter edochie wicked joan never cards buy siberia june town air peace lay pips barcelona,https://t.co/MUhZSpDdE5,,en,1,1,0,0,1054.0,Opay justusgirls Tapswap DEagleOnline
1792976878321447014,439838598,2024-05-21 17:52:54+00:00,73yearold briton killed being 777 suddenly plunged 6000 feet turbulence tone alarm iberian army edge tiamiyu john like peter edochie wicked joan never cards buy siberia june town air peace lay pips barcelona,https://t.co/mwv3Qnt4N7,,en,0,0,0,0,858.0,Opay justusgirls Tapswap DEagleOnline
1792954759567011933,1512994377878093831,2024-05-21 16:25:00+00:00,high luxury men wears available sizes frame 2n11000 frame 4n15000 locationlagos state deliver nationwide grealishbuy nigeriaair peacearsenaldelta igbono wizkidekosodinpeps barcelonamummy zeeemdee tiamiyuportugal,https://t.co/NpHfeTpmAn,,en,1,2,0,0,850.0,
1792814162114158991,1765187115174817792,2024-05-21 07:06:19+00:00,sale luxury bedroom apartment rooms rooms ensuit fitted kitchen swimming pool grm elevator hours power security etc located gloves road old iodi god israel cuba us anthony joshua ran mummy see air peace bane denote,https://t.co/1i3PghDWss,@75,en,11,10,7,0,1848.0,Tapswap
1443104671699292165,1321915389417267204,2021-09-29 06:45:39+00:00,dear can treating customers way isn acceptable unprofessionalna cheating dey hate like say dey speak much english animate start boycott airplane campaign un body woot woot,https://t.co/WYM1TajtgI,@flyairpeace,en,240,206,35,27,,
1711834743048675813,4607388855,2023-10-10 20:03:01+00:00,god good air peace,https://t.co/SIOnBKyZQ5,,en,295,65,17,15,27095.0,
1792624712209543534,1557509048244789249,2024-05-20 18:33:31+00:00,survived thank jesus meanwhile earlier fight another girl fell thank god she alive end god israel mummy see jason air peace prof man yusuf pastor toi blade promise nose big wiz agra bryan end baden ferri,https://t.co/vjv7RiBMDK,,en,134,32,37,3,51566.0,NigerianIdol
1792669221144653993,1557509048244789249,2024-05-20 21:30:23+00:00,liquors married bons sage reveals end god israel mummy see jason air peace prof man yusuf pastor toi blade promise nose wicked agra mala bryan end baden into yakov damilare lamina ajar agra,https://t.co/9LDLVTVGRd,@timiagbaje,tl,12,0,1,0,13315.0,NigerianIdol
1792584528432668927,964422632,2024-05-20 15:53:50+00:00,luxuries big boys iii oka call 2348081569309 deliver wherever wherever want size 4046 price n275000 abuse fraud anthony joshua denote tinubu big wiz manager season anna air peace bane pay,https://t.co/YWVPRvCMKI,,en,10,13,1,0,4584.0,
1792589189877281135,1213815662583222273,2024-05-20 16:12:22+00:00,dear twitter users asking seconds time today help between art us big wiz mummy see israel denote nose abuse tinubu air peace bane,https://t.co/wKgQMHTwIi,@75,en,112,36,10,2,62061.0,Tapswap UBA
1792576865846055275,510846935,2024-05-20 15:23:23+00:00,purchase installation starting customer done in labor price n500000 nationwide delivery payment validates order send callwhatsapp 07036851563 us big wiz mummy see israel denote nose abuse tinubu air peace bane,https://t.co/Q0Nz8Ylb3T,@75,en,107,56,11,3,69794.0,Tapswap UBA
1792665685593923816,1555656793786818567,2024-05-20 21:16:20+00:00,change menu did fade rice available original shapeless stone free unique taste fig n3500 fig n6500 yellow mustard paint n14500 labor siberia deliver worldwide nationwide kindly between nose yescoin air peace mild agra,https://t.co/EaqN5J3gCG,,en,10,5,2,2,8122.0,Tapswap
1792582829370376573,1380788055544631297,2024-05-20 15:47:05+00:00,into chinese movie nose bane god israel air peace moral,https://t.co/ygYUGW53Cl,,en,17,7,5,0,2319.0,Tapswap
1792583782945493093,1380788055544631297,2024-05-20 15:50:53+00:00,difference siberia nigerians nose bane god israel air peace moral,https://t.co/vhJAN5HCyL,,en,73,25,4,1,13827.0,Tapswap
1792649579541733618,1481661658372190211,2024-05-20 20:12:20+00:00,smart watch neck kann 07031300363 nation wide deliver mummy see put bane air peace luzon into yakov god israel nose telegram give,https://t.co/RMlTFmdA6y,,tl,41,32,1,0,6620.0,
1792582210224062518,1380788055544631297,2024-05-20 15:44:38+00:00,kiss saying right thing nose bane god israel air peace moral,https://t.co/HPlaZIFz3U,,en,9,5,2,0,2642.0,
1792568247847448973,1320966656978550787,2024-05-20 14:49:09+00:00,domo people dey bake she into yakov give kann fraud air peace put,https://t.co/dJXkAQRcQ9,,tl,5,1,0,0,1721.0,
1792668797952004422,1019611190316724224,2024-05-20 21:28:42+00:00,beyond hanna amongst two bleached skin lets settle debate people saying society harsh hanna like beyond lightning skin wicked mummy see hobby damilare air peace,https://t.co/3sU6ptJMqP,,en,19,4,1,0,8723.0,Tapswap
1792673077748474343,1019611190316724224,2024-05-20 21:45:42+00:00,said many times black people knuckles elbows knees tend darker surrounding areas skin areas rougher meant battle elements wicked mummy see hobby damilare air peace,https://t.co/LvkpmKLQlN,,en,91,12,5,0,41199.0,tapswap
1792564804428664968,1320966656978550787,2024-05-20 14:35:28+00:00,may nnamdi kann leader indigenous people infra upon depends judge into yakov federal high court abuse give air peace moral nose,https://t.co/aPedk9Op8i,,tl,8,8,1,0,3499.0,
1792656493256552642,1571489457144045572,2024-05-20 20:39:48+00:00,else forgets everything night exam mummy see put bane air peace luzon into yakov god israel nose telegram give,https://t.co/ou7SLsV928,,en,1,0,0,0,490.0,
1792675159561646378,1019611190316724224,2024-05-20 21:53:58+00:00,heart warming see men taking sincere talking benefits guns listen take care skin benefits immense sincere give many mental physical wicked mummy see hobby damilare air peace,https://t.co/UR3dcLXPa1,,en,17,4,2,0,8466.0,Tapswap
1792671809625903235,1019611190316724224,2024-05-20 21:40:40+00:00,agree apron doctor even your bleachingthis sun intense lot intense kid feels like red rather sunny yellow use kiss wicked mummy see hobby damilare air peace,https://t.co/LptzQ2czan,,en,19,3,4,0,10151.0,tapswap
1792621480112439569,935867356269699073,2024-05-20 18:20:40+00:00,came prepared jason mummy see bryan big wiz into yakov shod air peace bane landmarks,https://t.co/kbOZWPy58N,,en,1,0,0,0,216.0,Bridesmaid Groomsman
1442326734779547649,3364247951,2021-09-27 03:14:25+00:00,breaking news upon monday sit home destroying business beg burri release may nnamdi kann allen oedema co airplane company allen oedema cried termed low income making currently result upon,https://t.co/wkVTGtf9pg,,en,210,169,73,18,,penchatnews
1438861098816524292,853014935042916352,2021-09-17 13:43:13+00:00,here something random stumbled across march iberian air force airlifted cfm563c1 engines belonging air peace labor ferri source kipsyprince,https://t.co/EIqEdRye21,,en,104,40,3,1,,
1441062755566501892,1191305835131154432,2021-09-23 15:31:49+00:00,air peace flies abuse ferri cheaper option,,,en,5,3,7,0,,AbujaTwitterCommunity
1440582997103632389,610702056,2021-09-22 07:45:25+00:00,air peace boss oedema gifts super falcon nom,https://t.co/BMRZu1nZ7S,,en,7,0,0,0,,
1441051513946877957,35455609,2021-09-23 14:47:09+00:00,air peace came gave everyone airport lounge small crops celebrate new aircraft also refused money last delay going enjoy small crops first come months need learn real deal fewer delays,https://t.co/n6sgKcnTwy,,en,51,9,6,2,,
1441429397001494530,372486798,2021-09-24 15:48:43+00:00,yesterday september word air peace took delivery fourth embraced e195e2 5nbyi via read,https://t.co/hvgGTciYhq,@aero_in,en,8,2,0,0,,AirPeace Embraer E2 RadarBox Aeroin
1439687279468064777,1379445576580861953,2021-09-19 20:26:10+00:00,ah air peace dirty,,,en,2,1,1,0,,
1441724361438900225,229955021,2021-09-25 11:20:48+00:00,head full come best place possible,https://t.co/dz2HcJw9mM,,en,7,0,0,0,,beach air peace
1436017571774570502,851784015145316352,2021-09-09 17:24:03+00:00,one best skippers air peace landing smooth silk,https://t.co/sRiClDUF0r,,en,13,5,0,0,,
1441327374054744065,3067952663,2021-09-24 09:03:19+00:00,air peace connect cities new aircraft,https://t.co/50yxhMRuYG,,en,0,0,0,0,,
1441124143647404033,3067952663,2021-09-23 19:35:45+00:00,air peace welcomes another embraced e195 aircraft fleet,https://t.co/yFrLMOt8CE,,en,0,0,0,0,,
1443046181609803780,520720055,2021-09-29 02:53:14+00:00,sun award given hope oedema air peace co,https://t.co/7MCGOY7InZ,,en,0,0,0,0,,Nigeria NigeriaNews
1442495300879495179,288003593,2021-09-27 14:24:14+00:00,like air peace dey whine,https://t.co/aHVqbjvGiM,,en,0,0,2,0,,
1442449518415519747,520720055,2021-09-27 11:22:19+00:00,burri gros release nnamdi kann air peace chairman oedema video,https://t.co/n5QAa6YbG4,,en,0,0,0,0,,Nigeria NigeriaNews
1435678709273485314,1954402777,2021-09-08 18:57:32+00:00,video super eagles receive nom air peace co defeating cape verse,https://t.co/GxtVz2bpEV,@flyairpeace,en,63,17,3,0,,WorldCupQualifiers
1435688293841059842,2939497901,2021-09-08 19:35:37+00:00,air peace boss fulfill cash promise super eagles harp unity,https://t.co/gt2HKSN5tf,,en,0,0,0,0,,
1442055031897813005,846907111,2021-09-26 09:14:46+00:00,„Ç¢„Çµ„ÉíÁîü„Éì„Éº„É´„ÅåÂ£≤„Çå„Åô„Åé„Å¶‰∏ÄÊôÇ‰ºëÂ£≤„Å£„Å¶„Åì„ÇåÂÆåÂÖ®„Å´„Ç¨„ÉÉ„Ç≠„Éº„ÅåÂèØÊÑõ„Åô„Åé„Çã„Åã„Çâ„Å†„Çç,https://t.co/9iigXohP25,,ja,3,0,0,0,,
1442847860593147915,846907111,2021-09-28 13:45:11+00:00,Â∞èÂÆ§Âú≠„Å´„Å§„ÅÑ„Å¶Ë™ø„Åπ„Çà„ÅÜ„Å®ÊÄù„Å£„Åü„ÇâÁúûÂ≠ê„Åï„Åæ„ÅÆwiki„Å´„Ç§„Éã„Ç∑„É£„É´k„ÅßËºâ„Å£„Å¶„Å¶„Çè„Çç„Åü,https://t.co/DD1dMOLlUG,,ja,4,1,0,2,,
1442579205183574019,39975533,2021-09-27 19:57:38+00:00,air peace sponsor with edition under ultimate search,https://t.co/1Sro5EzmLs,,en,25,5,0,0,,vanguardnews
1441093280410714126,39975533,2021-09-23 17:33:06+00:00,air peace airline receives th brand new embraced 195e2 aircraft,https://t.co/sqErZgrldb,,en,12,6,1,0,,vanguardnews
1433111580535836687,374999591,2021-09-01 16:56:41+00:00,air peace partners off official airline national team,https://t.co/WP2RSBSEWW,,en,15,4,0,0,,
1434971551112257545,195042108,2021-09-06 20:07:32+00:00,allen oedema listing airline air peace enjoying administration despite lies government supporting into business,https://t.co/qST1LjC3eb,,en,66,38,1,3,,
1433537928966328322,1355004134274031618,2021-09-02 21:10:50+00:00,burri waves n13bn taxes air peace supposed pay following acquisition brand new aircraft brazil,https://t.co/bEP4P1rUTs,,en,519,223,30,39,,
1435007304177438721,901235330027749377,2021-09-06 22:29:37+00:00,motivation super eagle co air peace,https://t.co/iaF0tea7VA,,en,26,13,4,1,,
1434896310608580611,24291371,2021-09-06 15:08:34+00:00,help restore unity siberia air peace boss urges super eagles chairman air peace airline allen oedema urged super eagles win next world cup qualifying match cape verse,https://t.co/eLZh1ov0Tn,,en,46,5,6,0,,
1433910947148615680,901235330027749377,2021-09-03 21:53:05+00:00,yet opportunities given denied previous government loved gros abandoning burri administration rates gros today wrote air peace n13bn tax debt hear owner,https://t.co/gVonk84xKA,@OfficialPDPNig,en,12,6,0,0,,
1434474317337796609,127019706,2021-09-05 11:11:43+00:00,air peace god judge people,,,en,1,0,6,1,,
1434813728353050625,792145734,2021-09-06 09:40:25+00:00,exploits pitch unite nigerians air peace boss tells super eagles,https://t.co/GXKuLTQAOu,,en,5,2,1,0,,
1434933635736473601,2939509486,2021-09-06 17:36:53+00:00,goose pimples body listened talk players solemn duty love country make proud god bless allen oedema air peace siberia,https://t.co/5wkuFRaSIY,,en,172,80,14,8,,
1435155987216977920,1954402777,2021-09-07 08:20:25+00:00,beat cape verse get nom air peace co tells eagles thecal,https://t.co/MbQriBaO7P,,en,24,1,2,1,,
1433086287037145095,39975533,2021-09-01 15:16:10+00:00,air peace signs sponsorship agreement off,https://t.co/mFu2qb2zhe,,en,4,1,0,0,,vanguardnews
1433734936268320804,447757907,2021-09-03 10:13:40+00:00,burri real owner air peace may oedema front,https://t.co/EimODGycxT,,en,133,27,23,9,,
1433337335115096065,1954402777,2021-09-02 07:53:45+00:00,air peace becomes official airline iberian national tears thecal,https://t.co/lbbmNaJODk,,en,38,8,1,0,,
1434446737855418370,96283644,2021-09-05 09:22:07+00:00,air peace signs sponsorship agreement off,https://t.co/F8SJfmlW1e,,en,0,0,0,0,,
1433144571563806724,959160403937947648,2021-09-01 19:07:47+00:00,air peace becomes official airline siberia national team,https://t.co/0GvMaAohWQ,,en,3,0,0,0,,
1433279926908571651,959528418953056256,2021-09-02 04:05:38+00:00,air peace splashed n300m super eagles others,https://t.co/VSldFpRKeO,,en,0,0,0,0,,
1434864205132337155,96283644,2021-09-06 13:00:59+00:00,unite siberia football air peace boss charges super eagles,https://t.co/YjtfItwxMF,,en,0,0,0,0,,
1433751424459022340,304957853,2021-09-03 11:19:12+00:00,air peace signs forbear n300m airline agreement off,https://t.co/VoUCQgSuNI,,en,0,0,0,0,,
1432505790259240974,959528418953056256,2021-08-31 00:49:29+00:00,air peace nocityleftbehind initiative respite nigerians,https://t.co/3mLPYnaHHt,,en,0,0,0,0,,
1435674742502141958,69271273,2021-09-08 18:41:46+00:00,chairman air peace allen oedema fulfilled not million promise super eagles,https://t.co/n9CbMFvmsk,,en,37,3,0,0,,
1429889764061323270,1336735076055453698,2021-08-23 19:34:20+00:00,possible election calling brigadier perewinkle miss air peace,https://t.co/eLTTP6wpU9,,en,14,2,0,0,,BBNaija
1427692371404263424,1374826243074428940,2021-08-17 18:02:41+00:00,today joined excellency entr semi making official flag air peace operations baden commissioning protocol lounge baden airport,https://t.co/KecORXo5fK,,en,93,32,1,0,,
1431339631203717122,1364247460063895559,2021-08-27 19:35:35+00:00,day challenge boarding pass design saw task decided choose airline bit familiar chose air peace popular airline siberia designed boarding pass brand color kept design simple,https://t.co/qKUY1ASyjw,,en,8,2,0,0,,dailyui uxdesign uiux
1664347914670358529,1508384069242871811,2023-06-01 19:07:19+00:00,airplane turned sole pick arab fly abuse pick people fly begin pick people flying labor they delayed flight his hate aviation law protect customers terrible,,,en,2285,415,84,24,194386.0,
1431228552460967936,745864393183862784,2021-08-27 12:14:12+00:00,woke design landing page look check design via fig link,https://t.co/1AC8Ec3Vbd,@flyairpeace,en,94,14,3,0,,
1817058986577002601,368468546,2024-07-27 04:46:36+00:00,air peace worst airline ever fuck,,,en,1,0,1,0,40.0,
1817079875401839076,1698348167689826304,2024-07-27 06:09:36+00:00,federal government facilitated iberian carrier air peace secure daily direct flights london crashed ticket prices route anarchy embrace dialogue,https://t.co/jgkWfXDVRe,,en,2,0,0,0,17.0,
1427671154165051394,974605910088839169,2021-08-17 16:38:22+00:00,photonews governor semi making oo state inaugurated baden airport protocol lounge air peace inaugural flight touches baden,https://t.co/CSUjA8T4Rr,,en,97,32,1,1,,
1427882307562745857,1225037034370277376,2021-08-18 06:37:25+00:00,making receives inaugural air peace airline flight baden crashed price flight baden abuse less n30000,https://t.co/58WVIwt1fy,,en,3,2,0,0,,
1427536253793325057,974605910088839169,2021-08-17 07:42:19+00:00,governor making commission baden airport lounge air peace commence operations oo state governor engineer semi making set commission protocol lounge alaska airport baden oo state capital today tuesday with,https://t.co/sMBxhrAXI1,,en,109,56,10,9,,
1427958366102511618,817389093978075138,2021-08-18 11:39:39+00:00,she air peace fly baden azure,,,en,7,0,5,0,,
1431680732745904130,136912020,2021-08-28 18:11:00+00:00,lie air peace wan risk asset,,@peero007,en,2,1,0,1,,
1431747883058049026,1399984090619777031,2021-08-28 22:37:50+00:00,efulefu like air peace understand danger north want northern gros understand expandable,https://t.co/4mRiFJGgoX,,en,18,23,0,0,,FreeMaziNnamdiKanuNow
1431562287052099590,1035318880623886337,2021-08-28 10:20:21+00:00,rent dot etre nouveau lair peace entire mais me gauze typiquement yeux qui aime touched les would,,,fr,1,1,0,0,,
1430245780846223364,379717427,2021-08-24 19:09:01+00:00,am finish day court person glad able get home time fresh air peace quiet,https://t.co/rAhoVy3Bwi,,en,25,0,1,0,,
1432276726533419008,205684985,2021-08-30 09:39:16+00:00,arid amp hero dance pro max air peace still dey manageable,,,en,0,0,1,0,,
1432295210613084163,853022046,2021-08-30 10:52:43+00:00,banking local airline from air data air max air unitedarik hero air peace scraped,,,en,1,0,1,0,,
1431233482076917761,700616508578222080,2021-08-27 12:33:47+00:00,air peace dear,,,en,0,0,2,0,,
1816927360165331336,3364407605,2024-07-26 20:03:34+00:00,prices depends travel date there good air peace cheaper,,@Keke0332,en,1,0,1,0,13.0,
1428655354594963465,280936961,2021-08-20 09:49:14+00:00,compagnie nig√©riane air peace fait double premiers dessert antique central,https://t.co/CgbZ8AUZj9,,fr,38,9,1,2,,
1423937260622393346,786266064413790208,2021-08-07 09:21:13+00:00,enfin commanding qui lair peace,https://t.co/ojDnKrH31G,,fr,1,0,1,0,,SpoilBleach
1423111634843693059,20553019,2021-08-05 02:40:28+00:00,,https://t.co/8hMX5VovIs,,und,2,1,0,0,,Alone BajaCalifornia M√©xico MardeCortez SeaofCortez TravelPhotography LandscapePhotography Sunset Beach Wondering Exploring Beauty Mood Air Peace
1423571354884788228,1565159863,2021-08-06 09:07:14+00:00,loyal member arid air since 2013 think today airplane flight experience beats entire local trip experience even international newer aircraft professional aircrew rib lighting comedy boarding 1010,https://t.co/yRL3Y6l5pU,,en,43,1,6,3,,
1419547801856483332,1155939054405541893,2021-07-26 06:39:04+00:00,serve too come back shamemnk air peace watching,https://t.co/dxjNTugfSs,,en,6,4,0,0,,
1426876427354398720,195042108,2021-08-15 12:00:25+00:00,dingley duke guy thought genuine students union days turned another activist pretended stole amnesty money blind amp knows ownership air peace airline ran away 2015 caught there mercy great,https://t.co/mL0rf1byfX,,en,70,25,13,2,,
1421522605949992962,264248576,2021-07-31 17:26:14+00:00,november 2019 buharis spokesperson lauretta onychia told allen onyeama air peace return america face accusers today burri regime says due process must followed abbe kari different strokes different folks,https://t.co/RPz3APxoNS,,en,424,222,42,0,,TableShaker
1421914872544211492,597224882,2021-08-01 19:24:58+00:00,selective application justice ways either believe rule law either believe due process fairness equity justice stood allen onyeama air peace the,https://t.co/z9Qs5CN9ou,,en,48,21,20,1,,
1425476074117472256,1294727168061300737,2021-08-11 15:15:54+00:00,air peace set lunch abujaibadan route august,https://t.co/te9V7CVKW9,,et,2,0,0,1,,
1426076053504729089,831934926459174913,2021-08-13 07:00:01+00:00,maybe need change scenery un work home need new workplace am were student unataka place iso internet virtual classes park perfect kuingia bob wife sure visit park fresh air peace amp quiet,https://t.co/JYzv0t5t71,,en,3,2,0,0,,
1422755346649518081,216252193,2021-08-04 03:04:42+00:00,news air one buzz town,https://t.co/rigTcSDt2n,@adgpi @NorthernComd_IA @ChinarcorpsIA @PMOIndia @vatsvirendra1 @gulmarg_times @RaiSukrit @Kabirkhan547680,en,86,74,1,0,,Peace Kashmir TricolourInGulmarg
1426413860123136002,846907111,2021-08-14 05:22:20+00:00,„ÇØ„É©„Çπ„Çø„Éº‰∫ãÊ°à„ÅåÁô∫Áîü,https://t.co/YAIVm9Jto1,,ja,2,0,0,0,,
1425084944347537409,520720055,2021-08-10 13:21:42+00:00,air peace commence baden cameron flights august,https://t.co/PNSWeN1wAr,,en,0,0,0,0,,Nigeria NigeriaNews
1427466867560517651,846907111,2021-08-17 03:06:36+00:00,Á´ãÊïôÂ§ßÂ≠¶Ê±†Ë¢ã„Ç≠„É£„É≥„Éë„Çπ„Å´Êù•„Å¶„ÅÑ„Åæ„Åô„Å™„Çì„Å†„ÅãÁ¥†Êïµ„Å™ÊâÄ„Åß„Åô,https://t.co/G25fJmvz9O,,ja,2,0,0,0,,
1425929530439520260,792145734,2021-08-12 21:17:47+00:00,air peace expands presence north east launch flights some,https://t.co/KIMFbBrKQ2,,en,6,2,1,0,,
1421032770382467074,597224882,2021-07-30 08:59:48+00:00,friend allen oedema chairman air peace indicted foi americans demanded extracted stood oedema later vindicated can abbe wrong ask show evidence crime first,https://t.co/lnDcVyzTwp,,en,914,235,1324,211,,
1425071367704223745,1632384954,2021-08-10 12:27:45+00:00,air peace launching flights labor amp port harbour double cameron aug well abujaibadan route aug flights double operate week baden service operate daily routes operated ultramodern 195e2,https://t.co/2xfWo44FGb,@embraer,en,10,6,2,1,,
1422125422842626048,959160403937947648,2021-08-02 09:21:37+00:00,air peace often embraces new staggered seating design premium cabin design allows direct isle access passengers configuration air peace africa launch customer embraces flagship e195e2 think new cabin layout,https://t.co/n83W9qQVyp,,en,4,1,0,0,,
1425164472310771716,792145734,2021-08-10 18:37:43+00:00,route expansion air peace launched double baden op august,https://t.co/Qds9QuedUn,,en,3,1,0,0,,
1425878801041575939,2951659222,2021-08-12 17:56:12+00:00,nigerias air peace launched flight operations some read,https://t.co/GEmGWHpqxi,@flyairpeace,en,0,0,0,0,,Travel aviation Airpeace
1425112199253614596,1954402777,2021-08-10 15:10:00+00:00,air peace commence lagoscameroon flight operations aug thecal,https://t.co/lvaNobEPZm,,en,13,2,2,2,,
1419031439136468992,17409452,2021-07-24 20:27:14+00:00,plane misha caused tyre burst air peace reacts reported crash war sharp reporter,https://t.co/CMqzsHpl1f,,en,76,23,8,1,,
1419190241471123456,991351973499887617,2021-07-25 06:58:15+00:00,that air peace,,,en,0,0,2,0,,
1419013035910303744,751587338,2021-07-24 19:14:06+00:00,sixtysix passengers amp six crew narrowly escape death air peace aircraft crash lands,https://t.co/xrlhYyx04i,,en,3,1,2,0,,
1418992420436459520,1954402777,2021-07-24 17:52:11+00:00,minimal tyre burst air peace refutes report plane crashed ilyin airport thecal,https://t.co/tY68GOaYjy,,en,25,13,6,2,,
1418556738576470017,2985699323,2021-07-23 13:00:56+00:00,glad announce content creator alice flight magazine grab copy july edition board air peace flight relish insightful articles like art gallery table mountain,https://t.co/pRJXKwBN0w,@flyairpeace,en,11,1,6,0,,FlyAirPeace
1419058069779197959,1965236834,2021-07-24 22:13:03+00:00,new post air peace breaks silence ilyin misha,https://t.co/EYd4wXQnUx,,en,1,2,0,0,,
1419282923014995971,976948809401020416,2021-07-25 13:06:32+00:00,oedema air peace care support stay clear infra matter amadioha visit got first warning yesterday dont allow second warning,,,en,12,5,0,0,,
1417967648889982978,39975533,2021-07-21 22:00:06+00:00,oo got facilitate air peace flights baden airport,https://t.co/sKnUfm7uzI,,en,22,1,0,0,,vanguardnews
1419510571481718785,4782164908,2021-07-26 04:11:08+00:00,can refutes reports air peace aircraft accident,https://t.co/1GSB8lzv0N,,en,0,0,0,0,,Nigeria Political
1419075574169935874,39975533,2021-07-24 23:22:36+00:00,ilyin airport denied crash air peace aircraft,https://t.co/72w4Mg0yjU,,en,19,3,0,0,,vanguardnews
1418974462230282245,1344118650,2021-07-24 16:40:49+00:00,course air peace dusty ass planes,,,en,0,0,0,0,,
1419020332346744832,4782164908,2021-07-24 19:43:06+00:00,passengers evacuated air peace aircraft tyre bursts,https://t.co/4XRWIX5qxc,,en,1,0,0,0,,Nigeria Hazards
1418972508041191436,1965236834,2021-07-24 16:33:03+00:00,new post passengers escape death air peace plane abuse crash lands,https://t.co/quuD06xeLL,,en,1,3,0,0,,
1418971631276503049,1965236834,2021-07-24 16:29:34+00:00,passengers escape death air peace plane abuse crash lands,https://t.co/4RTKKCkKkR,,en,1,6,0,0,,
1419058079807639553,1965236834,2021-07-24 22:13:05+00:00,air peace breaks silence ilyin misha,https://t.co/EKGkDqBkFh,,en,0,5,0,0,,
1419277218824527876,96283644,2021-07-25 12:43:52+00:00,air peace crash ilyin says aviation agency,https://t.co/JcCPggGujr,,en,0,0,0,0,,
1419017717420642310,118657549,2021-07-24 19:32:42+00:00,burst tire air peace speaks plane crash ilyin airport click link see details,https://t.co/RGh69KTrjd,,en,0,0,0,0,,
1419362031182954500,706235324146569216,2021-07-25 18:20:53+00:00,grounded air peace fear locks biafrans abuse plans failed biafrans rock too join moving train,https://t.co/pnfUI2TKBq,,en,218,225,9,1,,
1419055813109317636,126733638,2021-07-24 22:04:05+00:00,air peace air denounce face reports plane crash,https://t.co/3ogGPbOiRB,,en,5,0,1,0,,
1419239021021208582,69271273,2021-07-25 10:12:05+00:00,airport temporarily shut friday morning air peace b737500 plane abuse suffered burst tyre landing airport friday morning,https://t.co/aOUfE9v7ve,,en,17,1,1,1,,
1413587728525049859,454824608,2021-07-09 19:55:52+00:00,airplane broke fuck,https://t.co/m9Jcs0Hy5V,,en,187,151,12,52,,
1411968852192370688,31131617,2021-07-05 08:43:02+00:00,beautiful morning hampshire early start dog fresh sea air peace quiet love,https://t.co/JNC4GRzENm,,en,2,0,0,0,,
1412894159531347969,853014935042916352,2021-07-07 21:59:52+00:00,air peace co allen oedema confirmed airline plans mr business disclosed land already acquired purpose,https://t.co/VS3MHCguTC,,en,39,12,5,0,,
1407724849011826690,1050348481137795072,2021-06-23 15:38:52+00:00,stop rescheduling flight jail air peace,https://t.co/Tv5iKVb2Sx,,en,4,1,0,0,,
1417934394933841920,1294727168061300737,2021-07-21 19:47:58+00:00,exclusive oo got facilitate air peace flights baden airport operations begin august,https://t.co/rfFNDOZwXl,,en,3,1,1,0,,
1417954674137784326,270816767,2021-07-21 21:08:33+00:00,she hear say air peace airline start operation baden mid august year dandies semi making isn favorite governors mate are,https://t.co/6LzlA4aglx,,en,31,16,2,1,,
1410897310939242500,1684343256,2021-07-02 09:45:06+00:00,new amp improved terms air peace era 145 captains immediate start fasttrack interviews apply get,https://t.co/HLzVS5rqy6.,,en,0,1,0,0,,embraer airpeace erj145 pilotjobs
1417848219237761026,2985699323,2021-07-21 14:05:32+00:00,finally airline operators siberia on commended federal government amp customs duty waters aircraft amp spares according air peace co allen oedema airline clearing aircraft amp spares since july 2021 without paying surcharge,https://t.co/dJdbyGWcAP,,en,2,3,2,0,,
1417170983081840641,792145734,2021-07-19 17:14:26+00:00,air peace deploy brand new e195e2 service,https://t.co/rRGUnWCHU9,,en,5,1,3,0,,
1409899134149173256,2665373167,2021-06-29 15:38:42+00:00,please note air peace flights johannesburg labor suspended july 2021 notice given red listing south africa iberian government prevent spread felt covid19 variant,https://t.co/RCnI0MUxax,,en,1,1,0,0,,covid southafrica travelban
1417948559698182149,17409452,2021-07-21 20:44:15+00:00,protest rocks labor airport air peace delays flight hour sharp reporter,https://t.co/z7XFD2tusT,@flyairpeace,en,95,48,11,11,,
1417959558568349707,2292813042,2021-07-21 21:27:57+00:00,oo got facilitate air peace flights baden airport part determination uplifts standard baden airport government oo state facilitated commencement flights baden air peace airline read,https://t.co/fkOmh1LDir,,en,7,0,0,1,,
1415349754410713093,792145734,2021-07-14 16:37:32+00:00,air peace recommenced regional operations banjul makar flights brand new e195 regional flights set july airline commence some august,https://t.co/Ks4jKEBO3Y,,en,5,3,2,0,,
1415395833042853890,1954402777,2021-07-14 19:40:38+00:00,air peace resume flights labia senegal thecal,https://t.co/XL8MUx6tYz,,en,11,4,1,1,,
1412315227660689415,2163127033,2021-07-06 07:39:24+00:00,covid19 federal government paid n28billion stimulus package arid air peace airline minister reveals,https://t.co/i4Ke9N2pjn,,en,6,6,0,0,,
1412180815019134980,1954402777,2021-07-05 22:45:18+00:00,covid19 disturbed n28bn air peace arid says minister thecal,https://t.co/54DyVpyLCk,,en,9,0,2,0,,
1417156917269463041,1213206647817961472,2021-07-19 16:18:33+00:00,today officially commissioned ultramodern e195e2 airplane service brand new aircraft latest invention embraced offer whole new level comfort keep choosing air peace,https://t.co/OyU4cKGjJh,,en,41,4,5,2,,BetterDealWithAirPeace airpeace embraer
1417169876440002571,96283644,2021-07-19 17:10:02+00:00,air peace deploy new plane flight operations,https://t.co/8vlAgHR0eI,,en,0,0,0,0,,
1415931594137903105,959160403937947648,2021-07-16 07:09:33+00:00,air peace rebuild regional network lowered embraced e195e2s,https://t.co/YIKMZaojml,,en,2,0,0,0,,
1417125740701700104,959160403937947648,2021-07-19 14:14:40+00:00,air peace commissions africa first embraced e195e2s service,https://t.co/LNdtUENiZ9,,en,2,0,0,0,,
